step,K,U,E
10,1.2157858510679191,-2.502821848227439,-1.2870359971595198
20,1.2244152345666504,-2.5114519840402316,-1.2870367494735813
30,1.2382706277350382,-2.525308655594693,-1.287038027859655
40,1.2565208560916579,-2.5435607053931584,-1.2870398493015005
50,1.277938876759574,-2.564981072947896,-1.287042196188322
60,1.300883366291296,-2.5879283415625154,-1.2870449752712194
70,1.3233412344934063,-2.6103892110320492,-1.287047976538643
80,1.3430720245334788,-2.6301228804739285,-1.2870508559404497
90,1.3578748108367609,-2.644927983568501,-1.28705317273174
100,1.365948810691469,-2.653003306616912,-1.2870544959254429
110,1.366255395554611,-2.6533099450727864,-1.2870545495181753
120,1.3587528085468696,-2.6458061304545644,-1.2870533219076947
130,1.3444060224947452,-2.631457093210215,-1.2870510707154696
140,1.3249674417959763,-2.612015661596728,-1.2870482198007518
150,1.302620316047339,-2.589665529853198,-1.2870452138058588
160,1.2796138761295017,-2.5666562828831334,-1.2870424067536317
170,1.257987086523276,-2.545027105775948,-1.287040019252672
180,1.2394147751268105,-2.5264529276242165,-1.287038152497406
190,1.2251584363683339,-2.512195264901322,-1.287036828532988
200,1.2160813899994363,-2.5031174218791423,-1.287036031879706
210,1.2126885084815917,-2.4997242491214426,-1.287035740639851
220,1.2151617312686533,-2.502197675919099,-1.2870359446504458
230,1.2233750405226056,-2.5104116923974917,-1.2870366518748861
240,1.2368832521868245,-2.5239211361407463,-1.2870378839539218
250,1.2548885247776722,-2.5419281849641417,-1.2870396601864695
260,1.2761989118872061,-2.563240880408614,-1.2870419685214078
270,1.2992056427743202,-2.58625036770477,-1.2870447249304497
280,1.3219177199393808,-2.6089654509687215,-1.2870477310293407
290,1.3420957962700164,-2.6291464491754475,-1.287050652905431
300,1.3575094358657283,-2.644562488262077,-1.2870530523963488
310,1.3662945432184699,-2.653349031682374,-1.2870544884639041
320,1.3673233702953842,-2.654378033269058,-1.2870546629736739
330,1.3604580215561797,-2.647511559634906,-1.2870535380787265
340,1.3465827904547567,-2.6336341425284635,-1.2870513520737068
350,1.3274011626008457,-2.6144496857249075,-1.2870485231240618
360,1.3050833840569906,-2.5921288867163605,-1.28704550265937
370,1.281894754823221,-2.5689374124849573,-1.2870426576617364
380,1.2599073569479118,-2.546947578405483,-1.2870402214575711
390,1.2408348272520229,-2.527873131403167,-1.2870383041511442
400,1.225975625609868,-2.513012557806218,-1.28703693219635
410,1.2162249493397472,-2.503261040233698,-1.2870360908939507
420,1.2121145593601166,-2.499150316127412,-1.2870357567672954
430,1.2138505015412995,-2.500886418375235,-1.2870359168339354
440,1.2213313842653601,-2.5083679601913142,-1.287036575925954
450,1.234140782747949,-2.5211785359457384,-1.2870377531977895
460,1.2515168733009547,-2.538556340662698,-1.2870394673617431
470,1.2723125098168544,-2.559354219154148,-1.2870417093372937
480,1.2949708572816192,-2.582015260596957,-1.2870444033153379
490,1.3175534682601786,-2.6046008332050317,-1.287047364944853
500,1.3378620310225278,-2.624912308816139,-1.2870502777936113
510,1.3536798701842523,-2.640732588368629,-1.2870527181843765
520,1.3631157879053144,-2.6501700357596785,-1.287054247854364
530,1.3649706302529745,-2.6520251845353906,-1.287054554282416
540,1.3590025562611197,-2.6460561276842536,-1.287053571423134
550,1.3459834390462597,-2.6330349461833498,-1.28705150713709
560,1.3275218988780457,-2.6145706580184855,-1.2870487591404398
570,1.3057279436687261,-2.592773717255437,-1.287045773586711
580,1.2828448142184223,-2.569887738561926,-1.2870429243435035
590,1.2609536271692612,-2.5479940841711026,-1.2870404570018414
600,1.2417967099853202,-2.528835203487218,-1.287038493501898
610,1.2267103767177696,-2.513747445517172,-1.2870370687994024
620,1.2166298288525703,-2.5036660017624612,-1.287036172909891
630,1.2121256869315091,-2.4991614710329886,-1.2870357841014795
640,1.2134412421457457,-2.5004771315154466,-1.287035889369701
650,1.2205119090761833,-2.507548402053585,-1.2870364929774016
660,1.2329593142809787,-2.5199969284540136,-1.2870376141730349
670,1.250062015720969,-2.5371012894180236,-1.2870392736970546
680,1.2707148730546238,-2.5577563407268182,-1.2870414676721944
690,1.2934009545967984,-2.58044508397174,-1.2870441293749415
700,1.3162120624479883,-2.6032591490145136,-1.2870470865665253
710,1.3369597152465464,-2.6240097496486072,-1.2870500344020608
720,1.35340580608625,-2.640458360168928,-1.2870525540826783
730,1.363601167406122,-2.6506553668702972,-1.2870541994641753
740,1.3662580281735834,-2.653312664553779,-1.2870546363801953
750,1.36103338807514,-2.648087158445137,-1.287053770369997
760,1.348609558471081,-2.6356613443058476,-1.2870517858347665
770,1.3305369286617155,-2.6175859993649304,-1.287049070703215
780,1.3089062073111828,-2.5959522829204853,-1.2870460756093025
790,1.2859753368943008,-2.5730185241540218,-1.287043187259721
800,1.263862143539836,-2.550902808850874,-1.287040665311038
810,1.244355128785065,-2.5313937712555417,-1.2870386424704767
820,1.2288371806467246,-2.5158743405226875,-1.287037159875963
830,1.2182858792204159,-2.5053220891052566,-1.2870362098848407
840,1.2133090357917218,-2.5003448065002356,-1.2870357707085138
850,1.214183114762786,-2.501218943054416,-1.28703582829163
860,1.2208746928128948,-2.507911078847624,-1.2870363860347291
870,1.2330363155878805,-2.5200737791440617,-1.2870374635561812
880,1.2499778025549213,-2.5370168867434963,-1.287039084188575
890,1.2706240847304042,-2.5576653344051357,-1.2870412496747314
900,1.2934826329660793,-2.5805265350010727,-1.2870439020349933
910,1.316656335019077,-2.603703214387205,-1.2870468793681282
920,1.3379449383044493,-2.6249948231316544,-1.2870498848272052
930,1.3550678313764926,-2.6421203309119794,-1.2870524995354868
940,1.3660016968692779,-2.6530559616060723,-1.2870542647367944
950,1.3693632062505992,-2.6564180286168884,-1.2870548223662892
960,1.3647127729794952,-2.651766824311287,-1.2870540513317918
970,1.3526579722097707,-2.639710090225018,-1.2870521180152474
980,1.3347115225643735,-2.6217609299918525,-1.287049407427479
990,1.312965306694672,-2.600011687069086,-1.2870463803744139
1000,1.2897075440574757,-2.5767509834853572,-1.2870434394278816
1010,1.2671009622662235,-2.5541418209567475,-1.287040858690524
1020,1.2469808358842165,-2.53401961616537,-1.2870387802811536
1030,1.2307708454390276,-2.517808094856958,-1.2870372494179303
1040,1.2194805143870764,-2.506516772952809,-1.2870362585657324
1050,1.2137414549445564,-2.500777238624739,-1.2870357836801825
1060,1.2138485200730273,-2.500884327402402,-1.2870358073293748
1070,1.2197848934151634,-2.506821222680939,-1.2870363292657756
1080,1.2312217783043191,-2.518259144198463,-1.2870373658941439
1090,1.247493187577259,-2.534532126221329,-1.28703893864407
1100,1.2675561872850285,-2.5545972372143204,-1.287041049929292
1110,1.2899584971013964,-2.577002143664682,-1.2870436465632857
1120,1.312847796923589,-2.599894373591899,-1.2870465766683101
1130,1.3340646750079854,-2.621114232869492,-1.2870495578615067
1140,1.3513525369418609,-2.638404722941846,-1.287052185999985
1150,1.362681713143052,-2.649735723252891,-1.287054010109839
1160,1.3666245137749482,-2.653679180173312,-1.287054666398364
1170,1.3626632743921565,-2.6497172884659976,-1.2870540140738411
1180,1.3513105101083245,-2.638362703552028,-1.2870521934437036
1190,1.3339892967004667,-2.6210388647815366,-1.2870495680810699
1200,1.3127254898305207,-2.5997720789165273,-1.2870465890860066
1210,1.2897725719316153,-2.5768162328840054,-1.28704366095239
1220,1.2672871901152878,-2.5543282565525143,-1.2870410664372265
1230,1.247118827921091,-2.534157785572977,-1.287038957651886
1240,1.2307165331684409,-2.5177539209535498,-1.287037387785109
1250,1.2191194734775619,-2.506155827623371,-1.287036354145809
1260,1.2129894338941483,-2.5000252685930033,-1.287035834698855
1270,1.2126509601427207,-2.499686772175855,-1.2870358120331342
1280,1.2181173282884374,-2.5051536131911374,-1.2870362849027
1290,1.2290920970343908,-2.5161293657496837,-1.287037268715293
1300,1.244945825379221,-2.531984610458932,-1.287038785079711
1310,1.2646772379119149,-2.5517180770667727,-1.2870408391548578
1320,1.2868794181579015,-2.5739228025825316,-1.28704338442463
1330,1.3097440068325037,-2.5967902869520096,-1.287046280119506
1340,1.3311446862836753,-2.6181939439989534,-1.2870492577152781
1350,1.3488346412525631,-2.635886566021362,-1.2870519247687988
1360,1.3607596328155918,-2.647813465594629,-1.287053832779037
1370,1.365429901317702,-2.652484507460544,-1.287054606142842
1380,1.3622376393108286,-2.649291719172627,-1.2870540798617984
1390,1.3515975819935333,-2.6386499490314974,-1.287052367037964
1400,1.3348504882942662,-2.621900300429535,-1.287049812135269
1410,1.3139712448923202,-2.601018105705392,-1.2870468608130716
1420,1.2911974803571802,-2.578241404091608,-1.2870439237344278
1430,1.26869874935366,-2.5557400446164746,-1.2870412952628147
1440,1.248355430320538,-2.535394569195885,-1.2870391388753468
1450,1.2316554259228105,-2.5186929418318718,-1.2870375159090612
1460,1.2196780399202245,-2.5067144680113005,-1.287036428091076
1470,1.2131234461769775,-2.5001593010623013,-1.2870358548853238
1480,1.2123525688153807,-2.4993883474913945,-1.2870357786760138
1490,1.2174143654359404,-2.5044505629601774,-1.287036197524237
1500,1.2280491400190798,-2.5150862668534106,-1.2870371268343308
1510,1.2436663943453268,-2.5307049844679756,-1.2870385901226489
1520,1.2633053599876631,-2.550345957571338,-1.2870405975836747
1530,1.2855975913995705,-2.5726407030506238,-1.2870431116510532
1540,1.308763723522962,-2.5958097273379557,-1.2870460038149936
1550,1.330686051634205,-2.617735069554034,-1.2870490179198288
1560,1.3490944332410169,-2.636146201139367,-1.2870517678983502
1570,1.3618727216555593,-2.648926520552771,-1.2870537988972117
1580,1.367435189217327,-2.654489903053873,-1.2870547138365458
1590,1.3650620013999673,-2.652116318547543,-1.2870543171475757
1600,1.3550659629895239,-2.6421186577445113,-1.2870526947549874
1610,1.338719147998889,-2.625769326243531,-1.287050178244642
1620,1.3179714154734445,-2.6050186325263054,-1.2870472170528608
1630,1.2950746937332054,-2.5821189300966094,-1.287044236363404
1640,1.272238567181196,-2.5592801145278115,-1.2870415473466155
1650,1.2513940464771305,-2.538433373137457,-1.2870393266603264
1660,1.2340789236135739,-2.521116566814155,-1.287037643200581
1670,1.2214157209519265,-2.5084522222529446,-1.287036501301018
1680,1.2141398290348888,-2.5011757087462123,-1.2870358797113235
1690,1.2126410170098034,-2.4996767753538456,-1.2870357583440422
1700,1.21699383548569,-2.5040299677171847,-1.2870361322314947
1710,1.2269644798113095,-2.514001493970147,-1.2870370141588374
1720,1.2419918126084237,-2.5290302390395,-1.2870384264310761
1730,1.261149831388758,-2.5481902120449424,-1.2870403806561845
1740,1.2831098422386338,-2.57015268686491,-1.2870428446262763
1750,1.3061331413030945,-2.5931788411847734,-1.2870456998816788
1760,1.3281350142719035,-2.6151837181546793,-1.2870487038827758
1770,1.3468584144800813,-2.6339098979682465,-1.2870514834881652
1780,1.3601683243672273,-2.6472219135059536,-1.2870535891387263
1790,1.3664226011383176,-2.6534772165192235,-1.287054615380906
1800,1.3648139438365936,-2.6518682885402898,-1.2870543447036962
1810,1.3555552252812206,-2.6426080609376763,-1.2870528356564557
1820,1.3398295557890743,-2.6268799542634245,-1.2870503984743502
1830,1.3195268356739216,-2.6065743100952554,-1.2870474744213338
1840,1.2968743204072275,-2.58391881345526,-1.2870444930480327
1850,1.2740874347808326,-2.5611292114548148,-1.2870417766739821
1860,1.2531230565471367,-2.540162570369268,-1.287039513822131
1870,1.235554226568984,-2.5225920089704195,-1.2870377824014354
1880,1.2225404669207887,-2.509577058893128,-1.2870365919723392
1890,1.214851997934462,-2.501887921266075,-1.2870359233316129
1900,1.212910331198719,-2.499946087578426,-1.2870357563797068
1910,1.2168196403112304,-2.5038557255058023,-1.287036085194572
1920,1.2263754292141795,-2.513412350892484,-1.2870369216783046
1930,1.2410472822265348,-2.5280855705527303,-1.2870382883261955
1940,1.25994207428397,-2.546982273351062,-1.287040199067092
1950,1.2817649019736228,-2.568807529060333,-1.2870426270867101
1960,1.3048075797640533,-2.5918530423848445,-1.2870454626207912
1970,1.3270051616583924,-2.6140536353072537,-1.2870484736488612
1980,1.3461000708122022,-2.633151366247816,-1.2870512954356137
1990,1.359928380482413,-2.6469818596180197,-1.2870534791356067
2000,1.366789166939481,-2.6538437752869593,-1.2870546083474783
